product_id,title,category,brand,base_price,image_url
101,iQOO Smartphone 10 Ultra 5G,Smartphones,iQOO,82100,https://images.unsplash.com/photo-1610945265064-0e34e5519bbf?w=400
102,Google Smartphone 1000 Lite Edition,Smartphones,Google,36900,https://images.unsplash.com/photo-1695048133142-1a20484d2569?w=400
103,Motorola Smartphone 10 Nord Edition,Smartphones,Motorola,17800,https://images.unsplash.com/photo-1695048133142-1a20484d2569?w=400
104,Google Smartphone 100 Fold 5G,Smartphones,Google,17000,https://images.unsplash.com/photo-1610945265064-0e34e5519bbf?w=400
105,iQOO Smartphone 15 Nord Edition,Smartphones,iQOO,127800,https://images.unsplash.com/photo-1598327105666-5b89351aff97?w=400
106,Apple Smartphone 1000 Lite Edition,Smartphones,Apple,120800,https://images.unsplash.com/photo-1598327105666-5b89351aff97?w=400
107,Xiaomi Smartphone 15 Lite Edition,Smartphones,Xiaomi,98200,https://images.unsplash.com/photo-1695048133142-1a20484d2569?w=400
108,Samsung Smartphone 12 Nord Edition,Smartphones,Samsung,104100,https://images.unsplash.com/photo-1598327105666-5b89351aff97?w=400
109,Motorola Smartphone 10 Flip 5G,Smartphones,Motorola,130400,https://images.unsplash.com/photo-1695048133142-1a20484d2569?w=400
110,Vivo Smartphone 100 Ultra 5G,Smartphones,Vivo,86900,https://images.unsplash.com/photo-1598327105666-5b89351aff97?w=400
111,Motorola Smartphone 1000 Fold 5G,Smartphones,Motorola,28200,https://images.unsplash.com/photo-1695048133142-1a20484d2569?w=400
112,iQOO Smartphone 20 Fold 5G,Smartphones,iQOO,30900,https://images.unsplash.com/photo-1610945265064-0e34e5519bbf?w=400
113,Samsung Smartphone 20 Nord Edition,Smartphones,Samsung,128900,https://images.unsplash.com/photo-1598327105666-5b89351aff97?w=400
114,OnePlus Smartphone 24 Prime 5G,Smartphones,OnePlus,64900,https://images.unsplash.com/photo-1598327105666-5b89351aff97?w=400
115,iQOO Smartphone 200 Ultra 5G,Smartphones,iQOO,54900,https://images.unsplash.com/photo-1610945265064-0e34e5519bbf?w=400
116,OnePlus Smartphone 30 Neo 5G,Smartphones,OnePlus,80800,https://images.unsplash.com/photo-1610945265064-0e34e5519bbf?w=400
117,iQOO Smartphone 10 Prime 5G,Smartphones,iQOO,70000,https://images.unsplash.com/photo-1695048133142-1a20484d2569?w=400
118,Realme Smartphone 20 Nord Edition,Smartphones,Realme,27300,https://images.unsplash.com/photo-1610945265064-0e34e5519bbf?w=400
119,Motorola Smartphone 15 Prime 5G,Smartphones,Motorola,140900,https://images.unsplash.com/photo-1511707171634-5f897ff02aa9?w=400
120,iQOO Smartphone 14 Neo 5G,Smartphones,iQOO,79400,https://images.unsplash.com/photo-1610945265064-0e34e5519bbf?w=400
121,Google Smartphone 1000 Flip 5G,Smartphones,Google,122300,https://images.unsplash.com/photo-1511707171634-5f897ff02aa9?w=400
122,Realme Smartphone 14 Fold 5G,Smartphones,Realme,143600,https://images.unsplash.com/photo-1511707171634-5f897ff02aa9?w=400
123,Samsung Smartphone 12 Pro Max 5G,Smartphones,Samsung,50100,https://images.unsplash.com/photo-1610945265064-0e34e5519bbf?w=400
124,iQOO Smartphone 200 Nord Edition,Smartphones,iQOO,26700,https://images.unsplash.com/photo-1511707171634-5f897ff02aa9?w=400
125,Vivo Smartphone 100 Neo 5G,Smartphones,Vivo,75900,https://images.unsplash.com/photo-1695048133142-1a20484d2569?w=400
126,iQOO Smartphone 500 Ultra 5G,Smartphones,iQOO,150800,https://images.unsplash.com/photo-1598327105666-5b89351aff97?w=400
127,iQOO Smartphone 12 Prime 5G,Smartphones,iQOO,86900,https://images.unsplash.com/photo-1511707171634-5f897ff02aa9?w=400
128,OnePlus Smartphone 10 Neo 5G,Smartphones,OnePlus,79000,https://images.unsplash.com/photo-1610945265064-0e34e5519bbf?w=400
129,Nothing Smartphone 500 Ultra 5G,Smartphones,Nothing,88200,https://images.unsplash.com/photo-1610945265064-0e34e5519bbf?w=400
130,OnePlus Smartphone 14 Prime 5G,Smartphones,OnePlus,151400,https://images.unsplash.com/photo-1695048133142-1a20484d2569?w=400
131,Motorola Smartphone 50 Prime 5G,Smartphones,Motorola,15100,https://images.unsplash.com/photo-1695048133142-1a20484d2569?w=400
132,Realme Smartphone 15 Flip 5G,Smartphones,Realme,25200,https://images.unsplash.com/photo-1610945265064-0e34e5519bbf?w=400
133,Motorola Smartphone 12 Ultra 5G,Smartphones,Motorola,137400,https://images.unsplash.com/photo-1695048133142-1a20484d2569?w=400
134,Nothing Smartphone 14 Lite Edition,Smartphones,Nothing,134600,https://images.unsplash.com/photo-1610945265064-0e34e5519bbf?w=400
135,Xiaomi Smartphone 15 Nord Edition,Smartphones,Xiaomi,151400,https://images.unsplash.com/photo-1610945265064-0e34e5519bbf?w=400
136,Xiaomi Smartphone 500 Nord Edition,Smartphones,Xiaomi,107900,https://images.unsplash.com/photo-1511707171634-5f897ff02aa9?w=400
137,Nothing Smartphone 12 Neo 5G,Smartphones,Nothing,75000,https://images.unsplash.com/photo-1610945265064-0e34e5519bbf?w=400
138,Samsung Smartphone 10 Prime 5G,Smartphones,Samsung,155200,https://images.unsplash.com/photo-1610945265064-0e34e5519bbf?w=400
139,Motorola Smartphone 10 Fold 5G,Smartphones,Motorola,28600,https://images.unsplash.com/photo-1695048133142-1a20484d2569?w=400
140,Google Smartphone 10 Ultra 5G,Smartphones,Google,96600,https://images.unsplash.com/photo-1695048133142-1a20484d2569?w=400
141,Nothing Smartphone 20 Fold 5G,Smartphones,Nothing,137200,https://images.unsplash.com/photo-1610945265064-0e34e5519bbf?w=400
142,Nothing Smartphone 1000 Lite Edition,Smartphones,Nothing,159700,https://images.unsplash.com/photo-1511707171634-5f897ff02aa9?w=400
143,Google Smartphone 30 Neo 5G,Smartphones,Google,59900,https://images.unsplash.com/photo-1695048133142-1a20484d2569?w=400
144,Samsung Smartphone 24 Nord Edition,Smartphones,Samsung,121000,https://images.unsplash.com/photo-1511707171634-5f897ff02aa9?w=400
145,OPPO Smartphone 500 Pro Max 5G,Smartphones,OPPO,35800,https://images.unsplash.com/photo-1695048133142-1a20484d2569?w=400
146,Vivo Smartphone 12 Prime 5G,Smartphones,Vivo,75200,https://images.unsplash.com/photo-1610945265064-0e34e5519bbf?w=400
147,Google Smartphone 14 Neo 5G,Smartphones,Google,120600,https://images.unsplash.com/photo-1610945265064-0e34e5519bbf?w=400
148,Xiaomi Smartphone 15 Neo 5G,Smartphones,Xiaomi,29800,https://images.unsplash.com/photo-1511707171634-5f897ff02aa9?w=400
149,Nothing Smartphone 10 Ultra 5G,Smartphones,Nothing,151700,https://images.unsplash.com/photo-1695048133142-1a20484d2569?w=400
150,Samsung Smartphone 14 Fold 5G,Smartphones,Samsung,116500,https://images.unsplash.com/photo-1511707171634-5f897ff02aa9?w=400
151,Samsung Laptop 30 Gaming Laptop RTX 4060,Laptops,Samsung,45400,https://images.unsplash.com/photo-1593642632823-8f785ba67e45?w=400
152,MSI Laptop 30 Thin & Light Laptop,Laptops,MSI,99500,https://images.unsplash.com/photo-1541807084-5c52b6b3adef?w=400
153,ASUS Laptop 1000 Studio Edition,Laptops,ASUS,221500,https://images.unsplash.com/photo-1541807084-5c52b6b3adef?w=400
154,HP Laptop 20 Gaming Laptop RTX 4060,Laptops,HP,87100,https://images.unsplash.com/photo-1517336714731-489689fd1ca8?w=400
155,LG Laptop 1000 Thin & Light Laptop,Laptops,LG,112200,https://images.unsplash.com/photo-1517336714731-489689fd1ca8?w=400
156,Apple Laptop 50 Creator Laptop 16,Laptops,Apple,161800,https://images.unsplash.com/photo-1593642632823-8f785ba67e45?w=400
157,Apple Laptop 12 Creator Laptop 16,Laptops,Apple,78700,https://images.unsplash.com/photo-1517336714731-489689fd1ca8?w=400
158,Dell Laptop 30 Gaming Laptop RTX 4060,Laptops,Dell,61400,https://images.unsplash.com/photo-1593642632823-8f785ba67e45?w=400
159,Apple Laptop 12 Creator Laptop 16,Laptops,Apple,139900,https://images.unsplash.com/photo-1603302576837-37561b2e2302?w=400
160,ASUS Laptop 500 Gaming Laptop RTX 4060,Laptops,ASUS,217700,https://images.unsplash.com/photo-1603302576837-37561b2e2302?w=400
161,Lenovo Laptop 30 Ultrabook 14,Laptops,Lenovo,64300,https://images.unsplash.com/photo-1603302576837-37561b2e2302?w=400
162,Samsung Laptop 12 Ultrabook 14,Laptops,Samsung,32400,https://images.unsplash.com/photo-1541807084-5c52b6b3adef?w=400
163,Dell Laptop 100 Thin & Light Laptop,Laptops,Dell,85900,https://images.unsplash.com/photo-1603302576837-37561b2e2302?w=400
164,HP Laptop 12 Ultrabook 14,Laptops,HP,94000,https://images.unsplash.com/photo-1603302576837-37561b2e2302?w=400
165,ASUS Laptop 50 Gaming Laptop RTX 4060,Laptops,ASUS,248600,https://images.unsplash.com/photo-1603302576837-37561b2e2302?w=400
166,LG Laptop 500 Thin & Light Laptop,Laptops,LG,244200,https://images.unsplash.com/photo-1603302576837-37561b2e2302?w=400
167,Dell Laptop 20 Gaming Laptop RTX 4060,Laptops,Dell,60200,https://images.unsplash.com/photo-1517336714731-489689fd1ca8?w=400
168,LG Laptop 20 Gaming Laptop RTX 4060,Laptops,LG,103800,https://images.unsplash.com/photo-1593642632823-8f785ba67e45?w=400
169,Acer Laptop 500 Gaming Laptop RTX 4060,Laptops,Acer,196300,https://images.unsplash.com/photo-1603302576837-37561b2e2302?w=400
170,LG Laptop 20 Studio Edition,Laptops,LG,43300,https://images.unsplash.com/photo-1517336714731-489689fd1ca8?w=400
171,MSI Laptop 10 Ultrabook 14,Laptops,MSI,30900,https://images.unsplash.com/photo-1603302576837-37561b2e2302?w=400
172,HP Laptop 14 Ultrabook 14,Laptops,HP,224300,https://images.unsplash.com/photo-1541807084-5c52b6b3adef?w=400
173,LG Laptop 100 Studio Edition,Laptops,LG,32500,https://images.unsplash.com/photo-1517336714731-489689fd1ca8?w=400
174,Dell Laptop 100 Gaming Laptop RTX 4060,Laptops,Dell,39400,https://images.unsplash.com/photo-1603302576837-37561b2e2302?w=400
175,LG Laptop 30 Gaming Laptop RTX 4060,Laptops,LG,63400,https://images.unsplash.com/photo-1517336714731-489689fd1ca8?w=400
176,ASUS Laptop 10 Ultrabook 14,Laptops,ASUS,123800,https://images.unsplash.com/photo-1593642632823-8f785ba67e45?w=400
177,Lenovo Laptop 24 Thin & Light Laptop,Laptops,Lenovo,234500,https://images.unsplash.com/photo-1541807084-5c52b6b3adef?w=400
178,HP Laptop 14 Gaming Laptop RTX 4060,Laptops,HP,239700,https://images.unsplash.com/photo-1593642632823-8f785ba67e45?w=400
179,MSI Laptop 14 Thin & Light Laptop,Laptops,MSI,223100,https://images.unsplash.com/photo-1603302576837-37561b2e2302?w=400
180,MSI Laptop 20 Gaming Laptop RTX 4060,Laptops,MSI,71700,https://images.unsplash.com/photo-1517336714731-489689fd1ca8?w=400
181,MSI Laptop 50 Thin & Light Laptop,Laptops,MSI,88300,https://images.unsplash.com/photo-1593642632823-8f785ba67e45?w=400
182,Samsung Laptop 20 Ultrabook 14,Laptops,Samsung,245100,https://images.unsplash.com/photo-1593642632823-8f785ba67e45?w=400
183,Lenovo Laptop 500 Thin & Light Laptop,Laptops,Lenovo,80600,https://images.unsplash.com/photo-1541807084-5c52b6b3adef?w=400
184,Acer Laptop 12 Ultrabook 14,Laptops,Acer,232700,https://images.unsplash.com/photo-1603302576837-37561b2e2302?w=400
185,Acer Laptop 30 Creator Laptop 16,Laptops,Acer,208100,https://images.unsplash.com/photo-1603302576837-37561b2e2302?w=400
186,Apple Laptop 20 Thin & Light Laptop,Laptops,Apple,76800,https://images.unsplash.com/photo-1603302576837-37561b2e2302?w=400
187,Apple Laptop 200 Thin & Light Laptop,Laptops,Apple,143900,https://images.unsplash.com/photo-1603302576837-37561b2e2302?w=400
188,Acer Laptop 200 Studio Edition,Laptops,Acer,164100,https://images.unsplash.com/photo-1517336714731-489689fd1ca8?w=400
189,MSI Laptop 15 Creator Laptop 16,Laptops,MSI,96800,https://images.unsplash.com/photo-1517336714731-489689fd1ca8?w=400
190,MSI Laptop 100 Thin & Light Laptop,Laptops,MSI,241400,https://images.unsplash.com/photo-1593642632823-8f785ba67e45?w=400
191,Acer Laptop 12 Studio Edition,Laptops,Acer,204100,https://images.unsplash.com/photo-1603302576837-37561b2e2302?w=400
192,Acer Laptop 1000 Thin & Light Laptop,Laptops,Acer,108700,https://images.unsplash.com/photo-1603302576837-37561b2e2302?w=400
193,MSI Laptop 30 Ultrabook 14,Laptops,MSI,212800,https://images.unsplash.com/photo-1603302576837-37561b2e2302?w=400
194,LG Laptop 15 Gaming Laptop RTX 4060,Laptops,LG,140200,https://images.unsplash.com/photo-1541807084-5c52b6b3adef?w=400
195,HP Laptop 200 Creator Laptop 16,Laptops,HP,108900,https://images.unsplash.com/photo-1541807084-5c52b6b3adef?w=400
196,LG Laptop 20 Thin & Light Laptop,Laptops,LG,105200,https://images.unsplash.com/photo-1593642632823-8f785ba67e45?w=400
197,MSI Laptop 200 Creator Laptop 16,Laptops,MSI,201600,https://images.unsplash.com/photo-1603302576837-37561b2e2302?w=400
198,Samsung Laptop 50 Studio Edition,Laptops,Samsung,207100,https://images.unsplash.com/photo-1593642632823-8f785ba67e45?w=400
199,LG Laptop 1000 Studio Edition,Laptops,LG,74500,https://images.unsplash.com/photo-1517336714731-489689fd1ca8?w=400
200,ASUS Laptop 500 Creator Laptop 16,Laptops,ASUS,195900,https://images.unsplash.com/photo-1603302576837-37561b2e2302?w=400
201,Bose Audio 500 True Wireless Earbuds,Audio,Bose,21800,https://images.unsplash.com/photo-1600294037681-c80b4cb5b434?w=400
202,JBL Audio 10 True Wireless Earbuds,Audio,JBL,4500,https://images.unsplash.com/photo-1600294037681-c80b4cb5b434?w=400
203,Skullcandy Audio 50 Wireless Noise Cancelling Headphones,Audio,Skullcandy,28700,https://images.unsplash.com/photo-1600294037681-c80b4cb5b434?w=400
204,Noise Audio 30 Soundbar 5.1,Audio,Noise,17500,https://images.unsplash.com/photo-1600294037681-c80b4cb5b434?w=400
205,Sony Audio 30 Wireless Noise Cancelling Headphones,Audio,Sony,15800,https://images.unsplash.com/photo-1600294037681-c80b4cb5b434?w=400
206,Marshall Audio 10 Soundbar 5.1,Audio,Marshall,38000,https://images.unsplash.com/photo-1600294037681-c80b4cb5b434?w=400
207,Bose Audio 14 Soundbar 5.1,Audio,Bose,31900,https://images.unsplash.com/photo-1505740420928-5e560c06d30e?w=400
208,Skullcandy Audio 100 Soundbar 5.1,Audio,Skullcandy,30700,https://images.unsplash.com/photo-1600294037681-c80b4cb5b434?w=400
209,Skullcandy Audio 20 Soundbar 5.1,Audio,Skullcandy,17700,https://images.unsplash.com/photo-1505740420928-5e560c06d30e?w=400
210,Marshall Audio 500 Soundbar 5.1,Audio,Marshall,17200,https://images.unsplash.com/photo-1505740420928-5e560c06d30e?w=400
211,Skullcandy Audio 1000 Wireless Noise Cancelling Headphones,Audio,Skullcandy,20200,https://images.unsplash.com/photo-1600294037681-c80b4cb5b434?w=400
212,Sennheiser Audio 24 Portable Bluetooth Speaker,Audio,Sennheiser,36900,https://images.unsplash.com/photo-1546435770-a3e426bf472b?w=400
213,Apple Audio 15 True Wireless Earbuds,Audio,Apple,26600,https://images.unsplash.com/photo-1600294037681-c80b4cb5b434?w=400
214,JBL Audio 30 Wireless Noise Cancelling Headphones,Audio,JBL,28200,https://images.unsplash.com/photo-1505740420928-5e560c06d30e?w=400
215,Marshall Audio 30 Soundbar 5.1,Audio,Marshall,5600,https://images.unsplash.com/photo-1600294037681-c80b4cb5b434?w=400
216,Noise Audio 200 Soundbar 5.1,Audio,Noise,2800,https://images.unsplash.com/photo-1545454675-3531b543be5d?w=400
217,Skullcandy Audio 24 Wireless Noise Cancelling Headphones,Audio,Skullcandy,21100,https://images.unsplash.com/photo-1545454675-3531b543be5d?w=400
218,Noise Audio 50 True Wireless Earbuds,Audio,Noise,15900,https://images.unsplash.com/photo-1505740420928-5e560c06d30e?w=400
219,Noise Audio 10 Soundbar 5.1,Audio,Noise,27000,https://images.unsplash.com/photo-1505740420928-5e560c06d30e?w=400
220,Noise Audio 50 True Wireless Earbuds,Audio,Noise,9900,https://images.unsplash.com/photo-1546435770-a3e426bf472b?w=400
221,Noise Audio 12 Wireless Noise Cancelling Headphones,Audio,Noise,29600,https://images.unsplash.com/photo-1600294037681-c80b4cb5b434?w=400
222,Skullcandy Audio 10 True Wireless Earbuds,Audio,Skullcandy,18500,https://images.unsplash.com/photo-1545454675-3531b543be5d?w=400
223,boAt Audio 50 True Wireless Earbuds,Audio,boAt,22900,https://images.unsplash.com/photo-1505740420928-5e560c06d30e?w=400
224,Noise Audio 30 Portable Bluetooth Speaker,Audio,Noise,18000,https://images.unsplash.com/photo-1546435770-a3e426bf472b?w=400
225,Skullcandy Audio 1000 Wireless Noise Cancelling Headphones,Audio,Skullcandy,36800,https://images.unsplash.com/photo-1546435770-a3e426bf472b?w=400
226,boAt Audio 500 True Wireless Earbuds,Audio,boAt,6000,https://images.unsplash.com/photo-1546435770-a3e426bf472b?w=400
227,Sony Audio 15 True Wireless Earbuds,Audio,Sony,2800,https://images.unsplash.com/photo-1600294037681-c80b4cb5b434?w=400
228,JBL Audio 50 True Wireless Earbuds,Audio,JBL,9000,https://images.unsplash.com/photo-1600294037681-c80b4cb5b434?w=400
229,Skullcandy Audio 24 Portable Bluetooth Speaker,Audio,Skullcandy,12500,https://images.unsplash.com/photo-1546435770-a3e426bf472b?w=400
230,Apple Audio 12 Portable Bluetooth Speaker,Audio,Apple,39400,https://images.unsplash.com/photo-1546435770-a3e426bf472b?w=400
231,Sennheiser Audio 30 Soundbar 5.1,Audio,Sennheiser,14500,https://images.unsplash.com/photo-1546435770-a3e426bf472b?w=400
232,JBL Audio 1000 Wireless Noise Cancelling Headphones,Audio,JBL,21300,https://images.unsplash.com/photo-1546435770-a3e426bf472b?w=400
233,Sony Audio 100 Portable Bluetooth Speaker,Audio,Sony,29600,https://images.unsplash.com/photo-1505740420928-5e560c06d30e?w=400
234,Bose Audio 10 Portable Bluetooth Speaker,Audio,Bose,29000,https://images.unsplash.com/photo-1545454675-3531b543be5d?w=400
235,Bose Audio 24 Soundbar 5.1,Audio,Bose,31600,https://images.unsplash.com/photo-1600294037681-c80b4cb5b434?w=400
236,Noise Audio 1000 True Wireless Earbuds,Audio,Noise,35700,https://images.unsplash.com/photo-1505740420928-5e560c06d30e?w=400
237,Marshall Audio 50 Soundbar 5.1,Audio,Marshall,30000,https://images.unsplash.com/photo-1505740420928-5e560c06d30e?w=400
238,boAt Audio 12 True Wireless Earbuds,Audio,boAt,19800,https://images.unsplash.com/photo-1545454675-3531b543be5d?w=400
239,JBL Audio 200 Soundbar 5.1,Audio,JBL,26300,https://images.unsplash.com/photo-1505740420928-5e560c06d30e?w=400
240,Sony Audio 24 Soundbar 5.1,Audio,Sony,13400,https://images.unsplash.com/photo-1545454675-3531b543be5d?w=400
241,JBL Audio 20 Portable Bluetooth Speaker,Audio,JBL,23800,https://images.unsplash.com/photo-1505740420928-5e560c06d30e?w=400
242,Sennheiser Audio 100 Wireless Noise Cancelling Headphones,Audio,Sennheiser,14000,https://images.unsplash.com/photo-1546435770-a3e426bf472b?w=400
243,JBL Audio 50 Soundbar 5.1,Audio,JBL,37900,https://images.unsplash.com/photo-1600294037681-c80b4cb5b434?w=400
244,Skullcandy Audio 50 Soundbar 5.1,Audio,Skullcandy,2600,https://images.unsplash.com/photo-1546435770-a3e426bf472b?w=400
245,Sennheiser Audio 30 True Wireless Earbuds,Audio,Sennheiser,17400,https://images.unsplash.com/photo-1505740420928-5e560c06d30e?w=400
246,boAt Audio 100 Soundbar 5.1,Audio,boAt,36300,https://images.unsplash.com/photo-1505740420928-5e560c06d30e?w=400
247,Noise Audio 24 Portable Bluetooth Speaker,Audio,Noise,31200,https://images.unsplash.com/photo-1505740420928-5e560c06d30e?w=400
248,Sennheiser Audio 15 Portable Bluetooth Speaker,Audio,Sennheiser,9400,https://images.unsplash.com/photo-1600294037681-c80b4cb5b434?w=400
249,boAt Audio 1000 Wireless Noise Cancelling Headphones,Audio,boAt,36600,https://images.unsplash.com/photo-1600294037681-c80b4cb5b434?w=400
250,JBL Audio 1000 True Wireless Earbuds,Audio,JBL,33200,https://images.unsplash.com/photo-1505740420928-5e560c06d30e?w=400
251,Noise Smartwatche 15 GPS Fitness Smartwatch,Smartwatches,Noise,40800,https://images.unsplash.com/photo-1508685096489-7aacd43bd3b1?w=400
252,Fire-Boltt Smartwatche 20 AMOLED Calling Watch,Smartwatches,Fire-Boltt,3900,https://images.unsplash.com/photo-1523275335684-37898b6baf30?w=400
253,Garmin Smartwatche 10 Sports Edition Watch,Smartwatches,Garmin,9100,https://images.unsplash.com/photo-1523275335684-37898b6baf30?w=400
254,Noise Smartwatche 500 AMOLED Calling Watch,Smartwatches,Noise,66300,https://images.unsplash.com/photo-1508685096489-7aacd43bd3b1?w=400
255,Apple Smartwatche 50 Sports Edition Watch,Smartwatches,Apple,64700,https://images.unsplash.com/photo-1579586337278-3befd40fd17a?w=400
256,Fire-Boltt Smartwatche 10 AMOLED Calling Watch,Smartwatches,Fire-Boltt,35100,https://images.unsplash.com/photo-1579586337278-3befd40fd17a?w=400
257,Samsung Smartwatche 30 GPS Fitness Smartwatch,Smartwatches,Samsung,66500,https://images.unsplash.com/photo-1508685096489-7aacd43bd3b1?w=400
258,Apple Smartwatche 14 AMOLED Calling Watch,Smartwatches,Apple,75800,https://images.unsplash.com/photo-1579586337278-3befd40fd17a?w=400
259,Samsung Smartwatche 12 AMOLED Calling Watch,Smartwatches,Samsung,75100,https://images.unsplash.com/photo-1579586337278-3befd40fd17a?w=400
260,Fitbit Smartwatche 50 Classic Leather Watch,Smartwatches,Fitbit,60000,https://images.unsplash.com/photo-1579586337278-3befd40fd17a?w=400
261,Amazfit Smartwatche 200 Sports Edition Watch,Smartwatches,Amazfit,83400,https://images.unsplash.com/photo-1508685096489-7aacd43bd3b1?w=400
262,Samsung Smartwatche 500 AMOLED Calling Watch,Smartwatches,Samsung,29700,https://images.unsplash.com/photo-1579586337278-3befd40fd17a?w=400
263,Samsung Smartwatche 15 AMOLED Calling Watch,Smartwatches,Samsung,24800,https://images.unsplash.com/photo-1523275335684-37898b6baf30?w=400
264,Samsung Smartwatche 10 AMOLED Calling Watch,Smartwatches,Samsung,55500,https://images.unsplash.com/photo-1579586337278-3befd40fd17a?w=400
265,Fossil Smartwatche 10 Sports Edition Watch,Smartwatches,Fossil,32300,https://images.unsplash.com/photo-1579586337278-3befd40fd17a?w=400
266,Noise Smartwatche 12 Classic Leather Watch,Smartwatches,Noise,32600,https://images.unsplash.com/photo-1579586337278-3befd40fd17a?w=400
267,Fitbit Smartwatche 12 Classic Leather Watch,Smartwatches,Fitbit,73400,https://images.unsplash.com/photo-1508685096489-7aacd43bd3b1?w=400
268,Garmin Smartwatche 14 Sports Edition Watch,Smartwatches,Garmin,11400,https://images.unsplash.com/photo-1508685096489-7aacd43bd3b1?w=400
269,Garmin Smartwatche 200 Sports Edition Watch,Smartwatches,Garmin,76600,https://images.unsplash.com/photo-1579586337278-3befd40fd17a?w=400
270,Fossil Smartwatche 50 GPS Fitness Smartwatch,Smartwatches,Fossil,41900,https://images.unsplash.com/photo-1523275335684-37898b6baf30?w=400
271,Amazfit Smartwatche 100 Sports Edition Watch,Smartwatches,Amazfit,72800,https://images.unsplash.com/photo-1579586337278-3befd40fd17a?w=400
272,Fossil Smartwatche 200 GPS Fitness Smartwatch,Smartwatches,Fossil,7200,https://images.unsplash.com/photo-1579586337278-3befd40fd17a?w=400
273,Fire-Boltt Smartwatche 10 Sports Edition Watch,Smartwatches,Fire-Boltt,14000,https://images.unsplash.com/photo-1508685096489-7aacd43bd3b1?w=400
274,Apple Smartwatche 200 Sports Edition Watch,Smartwatches,Apple,7300,https://images.unsplash.com/photo-1508685096489-7aacd43bd3b1?w=400
275,Fossil Smartwatche 20 Classic Leather Watch,Smartwatches,Fossil,25800,https://images.unsplash.com/photo-1523275335684-37898b6baf30?w=400
276,Amazfit Smartwatche 12 Classic Leather Watch,Smartwatches,Amazfit,63600,https://images.unsplash.com/photo-1579586337278-3befd40fd17a?w=400
277,Amazfit Smartwatche 24 Sports Edition Watch,Smartwatches,Amazfit,89800,https://images.unsplash.com/photo-1508685096489-7aacd43bd3b1?w=400
278,Garmin Smartwatche 30 Sports Edition Watch,Smartwatches,Garmin,66900,https://images.unsplash.com/photo-1579586337278-3befd40fd17a?w=400
279,Amazfit Smartwatche 50 GPS Fitness Smartwatch,Smartwatches,Amazfit,13500,https://images.unsplash.com/photo-1579586337278-3befd40fd17a?w=400
280,Noise Smartwatche 12 Sports Edition Watch,Smartwatches,Noise,55000,https://images.unsplash.com/photo-1523275335684-37898b6baf30?w=400
281,Apple Smartwatche 30 Classic Leather Watch,Smartwatches,Apple,9100,https://images.unsplash.com/photo-1508685096489-7aacd43bd3b1?w=400
282,Fire-Boltt Smartwatche 500 Classic Leather Watch,Smartwatches,Fire-Boltt,59900,https://images.unsplash.com/photo-1508685096489-7aacd43bd3b1?w=400
283,Fitbit Smartwatche 100 Sports Edition Watch,Smartwatches,Fitbit,19200,https://images.unsplash.com/photo-1579586337278-3befd40fd17a?w=400
284,Fossil Smartwatche 12 Classic Leather Watch,Smartwatches,Fossil,5800,https://images.unsplash.com/photo-1523275335684-37898b6baf30?w=400
285,Fitbit Smartwatche 20 AMOLED Calling Watch,Smartwatches,Fitbit,74200,https://images.unsplash.com/photo-1508685096489-7aacd43bd3b1?w=400
286,Amazfit Smartwatche 15 GPS Fitness Smartwatch,Smartwatches,Amazfit,16900,https://images.unsplash.com/photo-1579586337278-3befd40fd17a?w=400
287,Samsung Smartwatche 50 AMOLED Calling Watch,Smartwatches,Samsung,40300,https://images.unsplash.com/photo-1523275335684-37898b6baf30?w=400
288,Noise Smartwatche 50 Classic Leather Watch,Smartwatches,Noise,63900,https://images.unsplash.com/photo-1508685096489-7aacd43bd3b1?w=400
289,Fossil Smartwatche 30 AMOLED Calling Watch,Smartwatches,Fossil,27000,https://images.unsplash.com/photo-1523275335684-37898b6baf30?w=400
290,Garmin Smartwatche 20 GPS Fitness Smartwatch,Smartwatches,Garmin,56400,https://images.unsplash.com/photo-1579586337278-3befd40fd17a?w=400
291,Noise Smartwatche 20 GPS Fitness Smartwatch,Smartwatches,Noise,41100,https://images.unsplash.com/photo-1523275335684-37898b6baf30?w=400
292,Fossil Smartwatche 50 AMOLED Calling Watch,Smartwatches,Fossil,72600,https://images.unsplash.com/photo-1579586337278-3befd40fd17a?w=400
293,Fire-Boltt Smartwatche 100 Sports Edition Watch,Smartwatches,Fire-Boltt,73200,https://images.unsplash.com/photo-1579586337278-3befd40fd17a?w=400
294,Fossil Smartwatche 15 Sports Edition Watch,Smartwatches,Fossil,33300,https://images.unsplash.com/photo-1523275335684-37898b6baf30?w=400
295,Amazfit Smartwatche 30 AMOLED Calling Watch,Smartwatches,Amazfit,7700,https://images.unsplash.com/photo-1579586337278-3befd40fd17a?w=400
296,Fossil Smartwatche 30 Classic Leather Watch,Smartwatches,Fossil,89000,https://images.unsplash.com/photo-1523275335684-37898b6baf30?w=400
297,Garmin Smartwatche 10 Classic Leather Watch,Smartwatches,Garmin,18500,https://images.unsplash.com/photo-1523275335684-37898b6baf30?w=400
298,Fire-Boltt Smartwatche 50 GPS Fitness Smartwatch,Smartwatches,Fire-Boltt,15100,https://images.unsplash.com/photo-1523275335684-37898b6baf30?w=400
299,Fossil Smartwatche 1000 GPS Fitness Smartwatch,Smartwatches,Fossil,20900,https://images.unsplash.com/photo-1579586337278-3befd40fd17a?w=400
300,Garmin Smartwatche 50 GPS Fitness Smartwatch,Smartwatches,Garmin,36700,https://images.unsplash.com/photo-1579586337278-3befd40fd17a?w=400
301,Seagate Accessorie 24 Wireless Mechanical Keyboard,Accessories,Seagate,18000,https://images.unsplash.com/photo-1615663245857-ac93bb7c39e7?w=400
302,Belkin Accessorie 100 100W GaN Fast Charger,Accessories,Belkin,1700,https://images.unsplash.com/photo-1597872200969-2b65d56bd16b?w=400
303,Anker Accessorie 500 Ergonomic Optical Mouse,Accessories,Anker,9900,https://images.unsplash.com/photo-1609592424074-1b156b823e25?w=400
304,Anker Accessorie 12 100W GaN Fast Charger,Accessories,Anker,3800,https://images.unsplash.com/photo-1615663245857-ac93bb7c39e7?w=400
305,Samsung Accessorie 10 Ultra High-Speed NVMe SSD 1TB,Accessories,Samsung,2000,https://images.unsplash.com/photo-1615663245857-ac93bb7c39e7?w=400
306,Logitech Accessorie 24 Ultra High-Speed NVMe SSD 1TB,Accessories,Logitech,12800,https://images.unsplash.com/photo-1615663245857-ac93bb7c39e7?w=400
307,Samsung Accessorie 100 Ergonomic Optical Mouse,Accessories,Samsung,14000,https://images.unsplash.com/photo-1597872200969-2b65d56bd16b?w=400
308,Samsung Accessorie 14 Ergonomic Optical Mouse,Accessories,Samsung,3100,https://images.unsplash.com/photo-1597872200969-2b65d56bd16b?w=400
309,Seagate Accessorie 50 Ergonomic Optical Mouse,Accessories,Seagate,19600,https://images.unsplash.com/photo-1609592424074-1b156b823e25?w=400
310,SanDisk Accessorie 500 100W GaN Fast Charger,Accessories,SanDisk,8800,https://images.unsplash.com/photo-1615663245857-ac93bb7c39e7?w=400
311,TP-Link Accessorie 50 Wireless Mechanical Keyboard,Accessories,TP-Link,9900,https://images.unsplash.com/photo-1597872200969-2b65d56bd16b?w=400
312,Samsung Accessorie 50 Wireless Mechanical Keyboard,Accessories,Samsung,11800,https://images.unsplash.com/photo-1597872200969-2b65d56bd16b?w=400
313,TP-Link Accessorie 1000 100W GaN Fast Charger,Accessories,TP-Link,8700,https://images.unsplash.com/photo-1615663245857-ac93bb7c39e7?w=400
314,TP-Link Accessorie 30 Ergonomic Optical Mouse,Accessories,TP-Link,16300,https://images.unsplash.com/photo-1609592424074-1b156b823e25?w=400
315,SanDisk Accessorie 200 100W GaN Fast Charger,Accessories,SanDisk,12300,https://images.unsplash.com/photo-1597872200969-2b65d56bd16b?w=400
316,TP-Link Accessorie 10 Ultra High-Speed NVMe SSD 1TB,Accessories,TP-Link,13500,https://images.unsplash.com/photo-1615663245857-ac93bb7c39e7?w=400
317,Logitech Accessorie 200 Wireless Mechanical Keyboard,Accessories,Logitech,16800,https://images.unsplash.com/photo-1615663245857-ac93bb7c39e7?w=400
318,SanDisk Accessorie 15 Ultra High-Speed NVMe SSD 1TB,Accessories,SanDisk,6700,https://images.unsplash.com/photo-1597872200969-2b65d56bd16b?w=400
319,TP-Link Accessorie 500 Ergonomic Optical Mouse,Accessories,TP-Link,3700,https://images.unsplash.com/photo-1597872200969-2b65d56bd16b?w=400
320,Logitech Accessorie 50 Ultra High-Speed NVMe SSD 1TB,Accessories,Logitech,1600,https://images.unsplash.com/photo-1597872200969-2b65d56bd16b?w=400
321,Belkin Accessorie 12 Ergonomic Optical Mouse,Accessories,Belkin,10200,https://images.unsplash.com/photo-1615663245857-ac93bb7c39e7?w=400
322,Seagate Accessorie 15 Ergonomic Optical Mouse,Accessories,Seagate,4800,https://images.unsplash.com/photo-1597872200969-2b65d56bd16b?w=400
323,Belkin Accessorie 14 Ultra High-Speed NVMe SSD 1TB,Accessories,Belkin,8900,https://images.unsplash.com/photo-1615663245857-ac93bb7c39e7?w=400
324,TP-Link Accessorie 12 Ultra High-Speed NVMe SSD 1TB,Accessories,TP-Link,15800,https://images.unsplash.com/photo-1609592424074-1b156b823e25?w=400
325,Samsung Accessorie 500 Ergonomic Optical Mouse,Accessories,Samsung,13500,https://images.unsplash.com/photo-1597872200969-2b65d56bd16b?w=400
326,Belkin Accessorie 30 Wireless Mechanical Keyboard,Accessories,Belkin,1000,https://images.unsplash.com/photo-1615663245857-ac93bb7c39e7?w=400
327,Anker Accessorie 24 100W GaN Fast Charger,Accessories,Anker,9100,https://images.unsplash.com/photo-1597872200969-2b65d56bd16b?w=400
328,Seagate Accessorie 12 Ultra High-Speed NVMe SSD 1TB,Accessories,Seagate,8200,https://images.unsplash.com/photo-1615663245857-ac93bb7c39e7?w=400
329,Logitech Accessorie 200 Ultra High-Speed NVMe SSD 1TB,Accessories,Logitech,7800,https://images.unsplash.com/photo-1597872200969-2b65d56bd16b?w=400
330,Anker Accessorie 1000 100W GaN Fast Charger,Accessories,Anker,10400,https://images.unsplash.com/photo-1597872200969-2b65d56bd16b?w=400
331,Seagate Accessorie 14 Wireless Mechanical Keyboard,Accessories,Seagate,2000,https://images.unsplash.com/photo-1609592424074-1b156b823e25?w=400
332,TP-Link Accessorie 12 100W GaN Fast Charger,Accessories,TP-Link,3700,https://images.unsplash.com/photo-1609592424074-1b156b823e25?w=400
333,Samsung Accessorie 50 100W GaN Fast Charger,Accessories,Samsung,12700,https://images.unsplash.com/photo-1597872200969-2b65d56bd16b?w=400
334,Seagate Accessorie 30 Ergonomic Optical Mouse,Accessories,Seagate,3700,https://images.unsplash.com/photo-1615663245857-ac93bb7c39e7?w=400
335,Seagate Accessorie 10 Ultra High-Speed NVMe SSD 1TB,Accessories,Seagate,12600,https://images.unsplash.com/photo-1609592424074-1b156b823e25?w=400
336,WD Accessorie 15 100W GaN Fast Charger,Accessories,WD,12400,https://images.unsplash.com/photo-1609592424074-1b156b823e25?w=400
337,Belkin Accessorie 10 Ultra High-Speed NVMe SSD 1TB,Accessories,Belkin,13500,https://images.unsplash.com/photo-1615663245857-ac93bb7c39e7?w=400
338,SanDisk Accessorie 50 Wireless Mechanical Keyboard,Accessories,SanDisk,3500,https://images.unsplash.com/photo-1597872200969-2b65d56bd16b?w=400
339,SanDisk Accessorie 10 Wireless Mechanical Keyboard,Accessories,SanDisk,11400,https://images.unsplash.com/photo-1609592424074-1b156b823e25?w=400
340,Samsung Accessorie 12 Ergonomic Optical Mouse,Accessories,Samsung,18700,https://images.unsplash.com/photo-1609592424074-1b156b823e25?w=400
341,SanDisk Accessorie 24 Ergonomic Optical Mouse,Accessories,SanDisk,5300,https://images.unsplash.com/photo-1597872200969-2b65d56bd16b?w=400
342,Logitech Accessorie 14 Ultra High-Speed NVMe SSD 1TB,Accessories,Logitech,4800,https://images.unsplash.com/photo-1597872200969-2b65d56bd16b?w=400
343,TP-Link Accessorie 12 Ergonomic Optical Mouse,Accessories,TP-Link,1300,https://images.unsplash.com/photo-1609592424074-1b156b823e25?w=400
344,Logitech Accessorie 15 Ultra High-Speed NVMe SSD 1TB,Accessories,Logitech,19800,https://images.unsplash.com/photo-1615663245857-ac93bb7c39e7?w=400
345,Logitech Accessorie 20 Ergonomic Optical Mouse,Accessories,Logitech,2200,https://images.unsplash.com/photo-1609592424074-1b156b823e25?w=400
346,Seagate Accessorie 1000 Wireless Mechanical Keyboard,Accessories,Seagate,2600,https://images.unsplash.com/photo-1615663245857-ac93bb7c39e7?w=400
347,WD Accessorie 100 Ultra High-Speed NVMe SSD 1TB,Accessories,WD,20000,https://images.unsplash.com/photo-1609592424074-1b156b823e25?w=400
348,WD Accessorie 200 Ergonomic Optical Mouse,Accessories,WD,1900,https://images.unsplash.com/photo-1597872200969-2b65d56bd16b?w=400
349,TP-Link Accessorie 500 100W GaN Fast Charger,Accessories,TP-Link,1500,https://images.unsplash.com/photo-1609592424074-1b156b823e25?w=400
350,WD Accessorie 30 100W GaN Fast Charger,Accessories,WD,4000,https://images.unsplash.com/photo-1615663245857-ac93bb7c39e7?w=400
351,Corsair Gaming 12 Surround Sound Gaming Headset,Gaming,Corsair,7800,https://images.unsplash.com/photo-1621259182978-fbf93132d53d?w=400
352,Logitech G Gaming 12 Wireless Controller,Gaming,Logitech G,10800,https://images.unsplash.com/photo-1621259182978-fbf93132d53d?w=400
353,Logitech G Gaming 30 Mechanical Gaming Keyboard,Gaming,Logitech G,41600,https://images.unsplash.com/photo-1621259182978-fbf93132d53d?w=400
354,Razer Gaming 12 Surround Sound Gaming Headset,Gaming,Razer,54500,https://images.unsplash.com/photo-1606813907291-d86efa9b94db?w=400
355,Corsair Gaming 30 Wireless Controller,Gaming,Corsair,32100,https://images.unsplash.com/photo-1606813907291-d86efa9b94db?w=400
356,Razer Gaming 50 Mechanical Gaming Keyboard,Gaming,Razer,28600,https://images.unsplash.com/photo-1621259182978-fbf93132d53d?w=400
357,Corsair Gaming 24 Console Edition,Gaming,Corsair,30500,https://images.unsplash.com/photo-1621259182978-fbf93132d53d?w=400
358,Corsair Gaming 24 Mechanical Gaming Keyboard,Gaming,Corsair,12500,https://images.unsplash.com/photo-1621259182978-fbf93132d53d?w=400
359,Sony PlayStation Gaming 12 Console Edition,Gaming,Sony PlayStation,8600,https://images.unsplash.com/photo-1621259182978-fbf93132d53d?w=400
360,Sony PlayStation Gaming 14 Mechanical Gaming Keyboard,Gaming,Sony PlayStation,39000,https://images.unsplash.com/photo-1606813907291-d86efa9b94db?w=400
361,Logitech G Gaming 500 Mechanical Gaming Keyboard,Gaming,Logitech G,10500,https://images.unsplash.com/photo-1621259182978-fbf93132d53d?w=400
362,Nintendo Gaming 1000 Surround Sound Gaming Headset,Gaming,Nintendo,5900,https://images.unsplash.com/photo-1621259182978-fbf93132d53d?w=400
363,Logitech G Gaming 24 Mechanical Gaming Keyboard,Gaming,Logitech G,9300,https://images.unsplash.com/photo-1606813907291-d86efa9b94db?w=400
364,Microsoft Xbox Gaming 15 Surround Sound Gaming Headset,Gaming,Microsoft Xbox,58000,https://images.unsplash.com/photo-1606813907291-d86efa9b94db?w=400
365,Nintendo Gaming 12 Mechanical Gaming Keyboard,Gaming,Nintendo,52500,https://images.unsplash.com/photo-1621259182978-fbf93132d53d?w=400
366,Logitech G Gaming 30 Wireless Controller,Gaming,Logitech G,57900,https://images.unsplash.com/photo-1606813907291-d86efa9b94db?w=400
367,Logitech G Gaming 10 Mechanical Gaming Keyboard,Gaming,Logitech G,14300,https://images.unsplash.com/photo-1621259182978-fbf93132d53d?w=400
368,Corsair Gaming 24 Mechanical Gaming Keyboard,Gaming,Corsair,25500,https://images.unsplash.com/photo-1606813907291-d86efa9b94db?w=400
369,Microsoft Xbox Gaming 200 Wireless Controller,Gaming,Microsoft Xbox,45600,https://images.unsplash.com/photo-1621259182978-fbf93132d53d?w=400
370,Sony PlayStation Gaming 1000 Wireless Controller,Gaming,Sony PlayStation,44000,https://images.unsplash.com/photo-1606813907291-d86efa9b94db?w=400
371,Sony PlayStation Gaming 30 Wireless Controller,Gaming,Sony PlayStation,30000,https://images.unsplash.com/photo-1621259182978-fbf93132d53d?w=400
372,Nintendo Gaming 24 Wireless Controller,Gaming,Nintendo,22900,https://images.unsplash.com/photo-1621259182978-fbf93132d53d?w=400
373,Logitech G Gaming 10 Console Edition,Gaming,Logitech G,12700,https://images.unsplash.com/photo-1606813907291-d86efa9b94db?w=400
374,Logitech G Gaming 500 Console Edition,Gaming,Logitech G,7800,https://images.unsplash.com/photo-1621259182978-fbf93132d53d?w=400
375,Razer Gaming 50 Surround Sound Gaming Headset,Gaming,Razer,42300,https://images.unsplash.com/photo-1621259182978-fbf93132d53d?w=400
376,Razer Gaming 15 Mechanical Gaming Keyboard,Gaming,Razer,52000,https://images.unsplash.com/photo-1606813907291-d86efa9b94db?w=400
377,Nintendo Gaming 12 Surround Sound Gaming Headset,Gaming,Nintendo,21100,https://images.unsplash.com/photo-1621259182978-fbf93132d53d?w=400
378,Logitech G Gaming 10 Mechanical Gaming Keyboard,Gaming,Logitech G,17000,https://images.unsplash.com/photo-1621259182978-fbf93132d53d?w=400
379,Logitech G Gaming 10 Console Edition,Gaming,Logitech G,15900,https://images.unsplash.com/photo-1621259182978-fbf93132d53d?w=400
380,Microsoft Xbox Gaming 20 Wireless Controller,Gaming,Microsoft Xbox,21500,https://images.unsplash.com/photo-1621259182978-fbf93132d53d?w=400
381,Sony PlayStation Gaming 50 Console Edition,Gaming,Sony PlayStation,51500,https://images.unsplash.com/photo-1621259182978-fbf93132d53d?w=400
382,Microsoft Xbox Gaming 30 Wireless Controller,Gaming,Microsoft Xbox,37400,https://images.unsplash.com/photo-1606813907291-d86efa9b94db?w=400
383,Logitech G Gaming 12 Mechanical Gaming Keyboard,Gaming,Logitech G,28500,https://images.unsplash.com/photo-1606813907291-d86efa9b94db?w=400
384,Razer Gaming 50 Console Edition,Gaming,Razer,7600,https://images.unsplash.com/photo-1621259182978-fbf93132d53d?w=400
385,Logitech G Gaming 200 Surround Sound Gaming Headset,Gaming,Logitech G,29000,https://images.unsplash.com/photo-1621259182978-fbf93132d53d?w=400
386,Nintendo Gaming 30 Console Edition,Gaming,Nintendo,3900,https://images.unsplash.com/photo-1621259182978-fbf93132d53d?w=400
387,Microsoft Xbox Gaming 1000 Surround Sound Gaming Headset,Gaming,Microsoft Xbox,26200,https://images.unsplash.com/photo-1606813907291-d86efa9b94db?w=400
388,Razer Gaming 15 Console Edition,Gaming,Razer,31100,https://images.unsplash.com/photo-1621259182978-fbf93132d53d?w=400
389,Logitech G Gaming 30 Console Edition,Gaming,Logitech G,59500,https://images.unsplash.com/photo-1621259182978-fbf93132d53d?w=400
390,Corsair Gaming 15 Mechanical Gaming Keyboard,Gaming,Corsair,24300,https://images.unsplash.com/photo-1606813907291-d86efa9b94db?w=400
391,Sony PlayStation Gaming 100 Console Edition,Gaming,Sony PlayStation,35900,https://images.unsplash.com/photo-1606813907291-d86efa9b94db?w=400
392,Nintendo Gaming 1000 Mechanical Gaming Keyboard,Gaming,Nintendo,56200,https://images.unsplash.com/photo-1606813907291-d86efa9b94db?w=400
393,Microsoft Xbox Gaming 14 Console Edition,Gaming,Microsoft Xbox,19300,https://images.unsplash.com/photo-1606813907291-d86efa9b94db?w=400
394,Microsoft Xbox Gaming 500 Wireless Controller,Gaming,Microsoft Xbox,7400,https://images.unsplash.com/photo-1606813907291-d86efa9b94db?w=400
395,Corsair Gaming 50 Surround Sound Gaming Headset,Gaming,Corsair,51900,https://images.unsplash.com/photo-1621259182978-fbf93132d53d?w=400
396,Corsair Gaming 500 Mechanical Gaming Keyboard,Gaming,Corsair,23200,https://images.unsplash.com/photo-1606813907291-d86efa9b94db?w=400
397,Razer Gaming 50 Console Edition,Gaming,Razer,31500,https://images.unsplash.com/photo-1621259182978-fbf93132d53d?w=400
398,Nintendo Gaming 24 Console Edition,Gaming,Nintendo,35700,https://images.unsplash.com/photo-1606813907291-d86efa9b94db?w=400
399,Nintendo Gaming 50 Surround Sound Gaming Headset,Gaming,Nintendo,5000,https://images.unsplash.com/photo-1606813907291-d86efa9b94db?w=400
400,Nintendo Gaming 12 Mechanical Gaming Keyboard,Gaming,Nintendo,44700,https://images.unsplash.com/photo-1606813907291-d86efa9b94db?w=400
401,GoPro Cameras & Drone 50 Vlogging Kit,Cameras & Drones,GoPro,46500,https://images.unsplash.com/photo-1507679799987-c73779587ccf?w=400
402,GoPro Cameras & Drone 24 Action Camera Waterproof,Cameras & Drones,GoPro,274400,https://images.unsplash.com/photo-1516035069371-29a1b244cc32?w=400
403,Sony Cameras & Drone 12 Vlogging Kit,Cameras & Drones,Sony,205000,https://images.unsplash.com/photo-1516035069371-29a1b244cc32?w=400
404,GoPro Cameras & Drone 10 Action Camera Waterproof,Cameras & Drones,GoPro,154900,https://images.unsplash.com/photo-1507679799987-c73779587ccf?w=400
405,DJI Cameras & Drone 24 Action Camera Waterproof,Cameras & Drones,DJI,220500,https://images.unsplash.com/photo-1507679799987-c73779587ccf?w=400
406,DJI Cameras & Drone 24 Vlogging Kit,Cameras & Drones,DJI,52400,https://images.unsplash.com/photo-1507679799987-c73779587ccf?w=400
407,Sony Cameras & Drone 12 Compact 4K Drone,Cameras & Drones,Sony,227700,https://images.unsplash.com/photo-1507679799987-c73779587ccf?w=400
408,Nikon Cameras & Drone 24 Action Camera Waterproof,Cameras & Drones,Nikon,67700,https://images.unsplash.com/photo-1516035069371-29a1b244cc32?w=400
409,Nikon Cameras & Drone 500 Compact 4K Drone,Cameras & Drones,Nikon,230500,https://images.unsplash.com/photo-1516035069371-29a1b244cc32?w=400
410,GoPro Cameras & Drone 20 Mirrorless Camera 4K,Cameras & Drones,GoPro,222500,https://images.unsplash.com/photo-1507679799987-c73779587ccf?w=400
411,Canon Cameras & Drone 500 Mirrorless Camera 4K,Cameras & Drones,Canon,247000,https://images.unsplash.com/photo-1507679799987-c73779587ccf?w=400
412,Sony Cameras & Drone 20 Compact 4K Drone,Cameras & Drones,Sony,119500,https://images.unsplash.com/photo-1516035069371-29a1b244cc32?w=400
413,Nikon Cameras & Drone 15 Vlogging Kit,Cameras & Drones,Nikon,143800,https://images.unsplash.com/photo-1516035069371-29a1b244cc32?w=400
414,Canon Cameras & Drone 20 Mirrorless Camera 4K,Cameras & Drones,Canon,78000,https://images.unsplash.com/photo-1516035069371-29a1b244cc32?w=400
415,Fujifilm Cameras & Drone 200 Compact 4K Drone,Cameras & Drones,Fujifilm,93700,https://images.unsplash.com/photo-1507679799987-c73779587ccf?w=400
416,Canon Cameras & Drone 14 Action Camera Waterproof,Cameras & Drones,Canon,111800,https://images.unsplash.com/photo-1507679799987-c73779587ccf?w=400
417,Sony Cameras & Drone 24 Vlogging Kit,Cameras & Drones,Sony,149500,https://images.unsplash.com/photo-1507679799987-c73779587ccf?w=400
418,GoPro Cameras & Drone 1000 Compact 4K Drone,Cameras & Drones,GoPro,260400,https://images.unsplash.com/photo-1516035069371-29a1b244cc32?w=400
419,GoPro Cameras & Drone 20 Action Camera Waterproof,Cameras & Drones,GoPro,270900,https://images.unsplash.com/photo-1516035069371-29a1b244cc32?w=400
420,Nikon Cameras & Drone 50 Vlogging Kit,Cameras & Drones,Nikon,172700,https://images.unsplash.com/photo-1507679799987-c73779587ccf?w=400
421,GoPro Cameras & Drone 14 Vlogging Kit,Cameras & Drones,GoPro,129700,https://images.unsplash.com/photo-1516035069371-29a1b244cc32?w=400
422,Nikon Cameras & Drone 500 Mirrorless Camera 4K,Cameras & Drones,Nikon,277000,https://images.unsplash.com/photo-1507679799987-c73779587ccf?w=400
423,GoPro Cameras & Drone 1000 Mirrorless Camera 4K,Cameras & Drones,GoPro,90400,https://images.unsplash.com/photo-1507679799987-c73779587ccf?w=400
424,Sony Cameras & Drone 20 Action Camera Waterproof,Cameras & Drones,Sony,260600,https://images.unsplash.com/photo-1516035069371-29a1b244cc32?w=400
425,DJI Cameras & Drone 15 Mirrorless Camera 4K,Cameras & Drones,DJI,261500,https://images.unsplash.com/photo-1507679799987-c73779587ccf?w=400
426,Sony Cameras & Drone 10 Vlogging Kit,Cameras & Drones,Sony,232800,https://images.unsplash.com/photo-1507679799987-c73779587ccf?w=400
427,Canon Cameras & Drone 12 Vlogging Kit,Cameras & Drones,Canon,221600,https://images.unsplash.com/photo-1516035069371-29a1b244cc32?w=400
428,Sony Cameras & Drone 12 Compact 4K Drone,Cameras & Drones,Sony,200800,https://images.unsplash.com/photo-1516035069371-29a1b244cc32?w=400
429,Canon Cameras & Drone 20 Mirrorless Camera 4K,Cameras & Drones,Canon,272700,https://images.unsplash.com/photo-1516035069371-29a1b244cc32?w=400
430,Fujifilm Cameras & Drone 50 Vlogging Kit,Cameras & Drones,Fujifilm,27700,https://images.unsplash.com/photo-1516035069371-29a1b244cc32?w=400
431,Sony Cameras & Drone 15 Compact 4K Drone,Cameras & Drones,Sony,103400,https://images.unsplash.com/photo-1507679799987-c73779587ccf?w=400
432,Sony Cameras & Drone 15 Compact 4K Drone,Cameras & Drones,Sony,182900,https://images.unsplash.com/photo-1516035069371-29a1b244cc32?w=400
433,Sony Cameras & Drone 30 Action Camera Waterproof,Cameras & Drones,Sony,264600,https://images.unsplash.com/photo-1516035069371-29a1b244cc32?w=400
434,Sony Cameras & Drone 200 Vlogging Kit,Cameras & Drones,Sony,33600,https://images.unsplash.com/photo-1516035069371-29a1b244cc32?w=400
435,Fujifilm Cameras & Drone 20 Action Camera Waterproof,Cameras & Drones,Fujifilm,250000,https://images.unsplash.com/photo-1516035069371-29a1b244cc32?w=400
436,GoPro Cameras & Drone 15 Compact 4K Drone,Cameras & Drones,GoPro,243400,https://images.unsplash.com/photo-1516035069371-29a1b244cc32?w=400
437,Fujifilm Cameras & Drone 100 Mirrorless Camera 4K,Cameras & Drones,Fujifilm,214000,https://images.unsplash.com/photo-1516035069371-29a1b244cc32?w=400
438,GoPro Cameras & Drone 30 Mirrorless Camera 4K,Cameras & Drones,GoPro,271500,https://images.unsplash.com/photo-1516035069371-29a1b244cc32?w=400
439,Fujifilm Cameras & Drone 24 Vlogging Kit,Cameras & Drones,Fujifilm,158000,https://images.unsplash.com/photo-1516035069371-29a1b244cc32?w=400
440,Nikon Cameras & Drone 24 Mirrorless Camera 4K,Cameras & Drones,Nikon,151400,https://images.unsplash.com/photo-1516035069371-29a1b244cc32?w=400
441,GoPro Cameras & Drone 14 Compact 4K Drone,Cameras & Drones,GoPro,48200,https://images.unsplash.com/photo-1507679799987-c73779587ccf?w=400
442,GoPro Cameras & Drone 500 Compact 4K Drone,Cameras & Drones,GoPro,116800,https://images.unsplash.com/photo-1507679799987-c73779587ccf?w=400
443,Fujifilm Cameras & Drone 500 Vlogging Kit,Cameras & Drones,Fujifilm,120600,https://images.unsplash.com/photo-1516035069371-29a1b244cc32?w=400
444,Sony Cameras & Drone 10 Vlogging Kit,Cameras & Drones,Sony,178800,https://images.unsplash.com/photo-1516035069371-29a1b244cc32?w=400
445,Sony Cameras & Drone 10 Action Camera Waterproof,Cameras & Drones,Sony,190500,https://images.unsplash.com/photo-1507679799987-c73779587ccf?w=400
446,GoPro Cameras & Drone 100 Vlogging Kit,Cameras & Drones,GoPro,273200,https://images.unsplash.com/photo-1507679799987-c73779587ccf?w=400
447,Sony Cameras & Drone 20 Action Camera Waterproof,Cameras & Drones,Sony,212100,https://images.unsplash.com/photo-1516035069371-29a1b244cc32?w=400
448,Fujifilm Cameras & Drone 20 Compact 4K Drone,Cameras & Drones,Fujifilm,90200,https://images.unsplash.com/photo-1507679799987-c73779587ccf?w=400
449,DJI Cameras & Drone 1000 Vlogging Kit,Cameras & Drones,DJI,255500,https://images.unsplash.com/photo-1507679799987-c73779587ccf?w=400
450,Nikon Cameras & Drone 50 Action Camera Waterproof,Cameras & Drones,Nikon,285800,https://images.unsplash.com/photo-1507679799987-c73779587ccf?w=400
451,Hisense Smart TVs & Home 20 Dolby Vision Smart TV 55 inch,Smart TVs & Home,Hisense,36600,https://images.unsplash.com/photo-1593359677879-a4bb92f829d1?w=400
452,Sony Smart TVs & Home 200 OLED Cinema Display TV,Smart TVs & Home,Sony,62300,https://images.unsplash.com/photo-1593359677879-a4bb92f829d1?w=400
453,LG Smart TVs & Home 12 4K Ultra HD Smart QLED TV,Smart TVs & Home,LG,101000,https://images.unsplash.com/photo-1593359677879-a4bb92f829d1?w=400
454,LG Smart TVs & Home 200 OLED Cinema Display TV,Smart TVs & Home,LG,126700,https://images.unsplash.com/photo-1593784991095-a205069470b6?w=400
455,OnePlus Smart TVs & Home 24 OLED Cinema Display TV,Smart TVs & Home,OnePlus,132200,https://images.unsplash.com/photo-1593784991095-a205069470b6?w=400
456,OnePlus Smart TVs & Home 200 OLED Cinema Display TV,Smart TVs & Home,OnePlus,129000,https://images.unsplash.com/photo-1593359677879-a4bb92f829d1?w=400
457,OnePlus Smart TVs & Home 12 4K Ultra HD Smart QLED TV,Smart TVs & Home,OnePlus,190900,https://images.unsplash.com/photo-1593359677879-a4bb92f829d1?w=400
458,LG Smart TVs & Home 1000 Dolby Vision Smart TV 55 inch,Smart TVs & Home,LG,193100,https://images.unsplash.com/photo-1593784991095-a205069470b6?w=400
459,Sony Smart TVs & Home 200 4K Ultra HD Smart QLED TV,Smart TVs & Home,Sony,192700,https://images.unsplash.com/photo-1593359677879-a4bb92f829d1?w=400
460,Sony Smart TVs & Home 12 4K Ultra HD Smart QLED TV,Smart TVs & Home,Sony,76900,https://images.unsplash.com/photo-1593359677879-a4bb92f829d1?w=400
461,LG Smart TVs & Home 200 OLED Cinema Display TV,Smart TVs & Home,LG,23500,https://images.unsplash.com/photo-1593784991095-a205069470b6?w=400
462,OnePlus Smart TVs & Home 24 OLED Cinema Display TV,Smart TVs & Home,OnePlus,112500,https://images.unsplash.com/photo-1593359677879-a4bb92f829d1?w=400
463,Hisense Smart TVs & Home 200 4K Ultra HD Smart QLED TV,Smart TVs & Home,Hisense,51100,https://images.unsplash.com/photo-1593359677879-a4bb92f829d1?w=400
464,TCL Smart TVs & Home 500 OLED Cinema Display TV,Smart TVs & Home,TCL,88000,https://images.unsplash.com/photo-1593784991095-a205069470b6?w=400
465,Sony Smart TVs & Home 1000 4K Ultra HD Smart QLED TV,Smart TVs & Home,Sony,63800,https://images.unsplash.com/photo-1593359677879-a4bb92f829d1?w=400
466,Xiaomi Smart TVs & Home 100 OLED Cinema Display TV,Smart TVs & Home,Xiaomi,45900,https://images.unsplash.com/photo-1593359677879-a4bb92f829d1?w=400
467,Hisense Smart TVs & Home 1000 OLED Cinema Display TV,Smart TVs & Home,Hisense,132000,https://images.unsplash.com/photo-1593784991095-a205069470b6?w=400
468,Xiaomi Smart TVs & Home 1000 OLED Cinema Display TV,Smart TVs & Home,Xiaomi,143800,https://images.unsplash.com/photo-1593784991095-a205069470b6?w=400
469,Sony Smart TVs & Home 12 4K Ultra HD Smart QLED TV,Smart TVs & Home,Sony,133500,https://images.unsplash.com/photo-1593784991095-a205069470b6?w=400
470,OnePlus Smart TVs & Home 12 OLED Cinema Display TV,Smart TVs & Home,OnePlus,193800,https://images.unsplash.com/photo-1593359677879-a4bb92f829d1?w=400
471,OnePlus Smart TVs & Home 1000 OLED Cinema Display TV,Smart TVs & Home,OnePlus,32000,https://images.unsplash.com/photo-1593359677879-a4bb92f829d1?w=400
472,LG Smart TVs & Home 1000 4K Ultra HD Smart QLED TV,Smart TVs & Home,LG,198500,https://images.unsplash.com/photo-1593784991095-a205069470b6?w=400
473,Hisense Smart TVs & Home 100 OLED Cinema Display TV,Smart TVs & Home,Hisense,73800,https://images.unsplash.com/photo-1593784991095-a205069470b6?w=400
474,Samsung Smart TVs & Home 15 4K Ultra HD Smart QLED TV,Smart TVs & Home,Samsung,144500,https://images.unsplash.com/photo-1593784991095-a205069470b6?w=400
475,LG Smart TVs & Home 200 Dolby Vision Smart TV 55 inch,Smart TVs & Home,LG,111700,https://images.unsplash.com/photo-1593359677879-a4bb92f829d1?w=400
476,Hisense Smart TVs & Home 14 Dolby Vision Smart TV 55 inch,Smart TVs & Home,Hisense,175400,https://images.unsplash.com/photo-1593784991095-a205069470b6?w=400
477,Sony Smart TVs & Home 30 OLED Cinema Display TV,Smart TVs & Home,Sony,140500,https://images.unsplash.com/photo-1593359677879-a4bb92f829d1?w=400
478,Hisense Smart TVs & Home 200 OLED Cinema Display TV,Smart TVs & Home,Hisense,34300,https://images.unsplash.com/photo-1593784991095-a205069470b6?w=400
479,LG Smart TVs & Home 12 Dolby Vision Smart TV 55 inch,Smart TVs & Home,LG,132900,https://images.unsplash.com/photo-1593359677879-a4bb92f829d1?w=400
480,OnePlus Smart TVs & Home 24 Dolby Vision Smart TV 55 inch,Smart TVs & Home,OnePlus,48600,https://images.unsplash.com/photo-1593784991095-a205069470b6?w=400
481,Hisense Smart TVs & Home 30 4K Ultra HD Smart QLED TV,Smart TVs & Home,Hisense,146800,https://images.unsplash.com/photo-1593784991095-a205069470b6?w=400
482,Hisense Smart TVs & Home 100 4K Ultra HD Smart QLED TV,Smart TVs & Home,Hisense,55100,https://images.unsplash.com/photo-1593359677879-a4bb92f829d1?w=400
483,Samsung Smart TVs & Home 24 4K Ultra HD Smart QLED TV,Smart TVs & Home,Samsung,74100,https://images.unsplash.com/photo-1593359677879-a4bb92f829d1?w=400
484,Xiaomi Smart TVs & Home 12 OLED Cinema Display TV,Smart TVs & Home,Xiaomi,80700,https://images.unsplash.com/photo-1593784991095-a205069470b6?w=400
485,OnePlus Smart TVs & Home 20 Dolby Vision Smart TV 55 inch,Smart TVs & Home,OnePlus,47800,https://images.unsplash.com/photo-1593359677879-a4bb92f829d1?w=400
486,Xiaomi Smart TVs & Home 12 Dolby Vision Smart TV 55 inch,Smart TVs & Home,Xiaomi,146700,https://images.unsplash.com/photo-1593784991095-a205069470b6?w=400
487,Xiaomi Smart TVs & Home 14 Dolby Vision Smart TV 55 inch,Smart TVs & Home,Xiaomi,59900,https://images.unsplash.com/photo-1593359677879-a4bb92f829d1?w=400
488,Hisense Smart TVs & Home 10 Dolby Vision Smart TV 55 inch,Smart TVs & Home,Hisense,22400,https://images.unsplash.com/photo-1593784991095-a205069470b6?w=400
489,Sony Smart TVs & Home 200 Dolby Vision Smart TV 55 inch,Smart TVs & Home,Sony,84400,https://images.unsplash.com/photo-1593784991095-a205069470b6?w=400
490,Hisense Smart TVs & Home 30 Dolby Vision Smart TV 55 inch,Smart TVs & Home,Hisense,177000,https://images.unsplash.com/photo-1593784991095-a205069470b6?w=400
491,TCL Smart TVs & Home 100 Dolby Vision Smart TV 55 inch,Smart TVs & Home,TCL,90900,https://images.unsplash.com/photo-1593359677879-a4bb92f829d1?w=400
492,TCL Smart TVs & Home 500 4K Ultra HD Smart QLED TV,Smart TVs & Home,TCL,121400,https://images.unsplash.com/photo-1593359677879-a4bb92f829d1?w=400
493,TCL Smart TVs & Home 1000 4K Ultra HD Smart QLED TV,Smart TVs & Home,TCL,30700,https://images.unsplash.com/photo-1593784991095-a205069470b6?w=400
494,TCL Smart TVs & Home 50 OLED Cinema Display TV,Smart TVs & Home,TCL,136700,https://images.unsplash.com/photo-1593784991095-a205069470b6?w=400
495,LG Smart TVs & Home 14 Dolby Vision Smart TV 55 inch,Smart TVs & Home,LG,96900,https://images.unsplash.com/photo-1593359677879-a4bb92f829d1?w=400
496,OnePlus Smart TVs & Home 30 OLED Cinema Display TV,Smart TVs & Home,OnePlus,49300,https://images.unsplash.com/photo-1593359677879-a4bb92f829d1?w=400
497,Xiaomi Smart TVs & Home 12 Dolby Vision Smart TV 55 inch,Smart TVs & Home,Xiaomi,98600,https://images.unsplash.com/photo-1593784991095-a205069470b6?w=400
498,TCL Smart TVs & Home 20 4K Ultra HD Smart QLED TV,Smart TVs & Home,TCL,132800,https://images.unsplash.com/photo-1593784991095-a205069470b6?w=400
499,Samsung Smart TVs & Home 10 4K Ultra HD Smart QLED TV,Smart TVs & Home,Samsung,91100,https://images.unsplash.com/photo-1593359677879-a4bb92f829d1?w=400
500,Hisense Smart TVs & Home 30 Dolby Vision Smart TV 55 inch,Smart TVs & Home,Hisense,80100,https://images.unsplash.com/photo-1593784991095-a205069470b6?w=400
501,Lenovo Tablets & E-Reader 1000 Pro 12.9 Tablet,Tablets & E-Readers,Lenovo,51000,https://images.unsplash.com/photo-1544244015-0df4b3ffc6b0?w=400
502,Samsung Tablets & E-Reader 100 Paperwhite E-Reader,Tablets & E-Readers,Samsung,71200,https://images.unsplash.com/photo-1544244015-0df4b3ffc6b0?w=400
503,Lenovo Tablets & E-Reader 10 Paperwhite E-Reader,Tablets & E-Readers,Lenovo,21800,https://images.unsplash.com/photo-1544244015-0df4b3ffc6b0?w=400
504,Xiaomi Tablets & E-Reader 15 Paperwhite E-Reader,Tablets & E-Readers,Xiaomi,38200,https://images.unsplash.com/photo-1544244015-0df4b3ffc6b0?w=400
505,Apple Tablets & E-Reader 20 11-inch Wi-Fi Tablet,Tablets & E-Readers,Apple,74900,https://images.unsplash.com/photo-1544244015-0df4b3ffc6b0?w=400
506,Lenovo Tablets & E-Reader 10 Pro 12.9 Tablet,Tablets & E-Readers,Lenovo,121000,https://images.unsplash.com/photo-1544244015-0df4b3ffc6b0?w=400
507,Amazon Kindle Tablets & E-Reader 20 11-inch Wi-Fi Tablet,Tablets & E-Readers,Amazon Kindle,105400,https://images.unsplash.com/photo-1544244015-0df4b3ffc6b0?w=400
508,Amazon Kindle Tablets & E-Reader 10 Paperwhite E-Reader,Tablets & E-Readers,Amazon Kindle,62500,https://images.unsplash.com/photo-1544244015-0df4b3ffc6b0?w=400
509,Xiaomi Tablets & E-Reader 15 Pro 12.9 Tablet,Tablets & E-Readers,Xiaomi,57500,https://images.unsplash.com/photo-1544244015-0df4b3ffc6b0?w=400
510,Apple Tablets & E-Reader 100 Paperwhite E-Reader,Tablets & E-Readers,Apple,69000,https://images.unsplash.com/photo-1544244015-0df4b3ffc6b0?w=400
511,Xiaomi Tablets & E-Reader 200 Pro 12.9 Tablet,Tablets & E-Readers,Xiaomi,25600,https://images.unsplash.com/photo-1544244015-0df4b3ffc6b0?w=400
512,Apple Tablets & E-Reader 24 Paperwhite E-Reader,Tablets & E-Readers,Apple,114200,https://images.unsplash.com/photo-1544244015-0df4b3ffc6b0?w=400
513,Xiaomi Tablets & E-Reader 14 Paperwhite E-Reader,Tablets & E-Readers,Xiaomi,36100,https://images.unsplash.com/photo-1544244015-0df4b3ffc6b0?w=400
514,Xiaomi Tablets & E-Reader 10 11-inch Wi-Fi Tablet,Tablets & E-Readers,Xiaomi,15100,https://images.unsplash.com/photo-1544244015-0df4b3ffc6b0?w=400
515,Lenovo Tablets & E-Reader 100 Paperwhite E-Reader,Tablets & E-Readers,Lenovo,69900,https://images.unsplash.com/photo-1544244015-0df4b3ffc6b0?w=400
516,Xiaomi Tablets & E-Reader 14 Pro 12.9 Tablet,Tablets & E-Readers,Xiaomi,53000,https://images.unsplash.com/photo-1544244015-0df4b3ffc6b0?w=400
517,Samsung Tablets & E-Reader 200 Paperwhite E-Reader,Tablets & E-Readers,Samsung,106900,https://images.unsplash.com/photo-1544244015-0df4b3ffc6b0?w=400
518,Xiaomi Tablets & E-Reader 100 Paperwhite E-Reader,Tablets & E-Readers,Xiaomi,118600,https://images.unsplash.com/photo-1544244015-0df4b3ffc6b0?w=400
519,Xiaomi Tablets & E-Reader 50 Paperwhite E-Reader,Tablets & E-Readers,Xiaomi,116900,https://images.unsplash.com/photo-1544244015-0df4b3ffc6b0?w=400
520,Lenovo Tablets & E-Reader 500 Paperwhite E-Reader,Tablets & E-Readers,Lenovo,24400,https://images.unsplash.com/photo-1544244015-0df4b3ffc6b0?w=400
521,Xiaomi Tablets & E-Reader 1000 Paperwhite E-Reader,Tablets & E-Readers,Xiaomi,124300,https://images.unsplash.com/photo-1544244015-0df4b3ffc6b0?w=400
522,Xiaomi Tablets & E-Reader 20 Paperwhite E-Reader,Tablets & E-Readers,Xiaomi,95900,https://images.unsplash.com/photo-1544244015-0df4b3ffc6b0?w=400
523,Apple Tablets & E-Reader 50 Pro 12.9 Tablet,Tablets & E-Readers,Apple,32300,https://images.unsplash.com/photo-1544244015-0df4b3ffc6b0?w=400
524,Samsung Tablets & E-Reader 15 Pro 12.9 Tablet,Tablets & E-Readers,Samsung,14100,https://images.unsplash.com/photo-1544244015-0df4b3ffc6b0?w=400
525,Samsung Tablets & E-Reader 50 11-inch Wi-Fi Tablet,Tablets & E-Readers,Samsung,51100,https://images.unsplash.com/photo-1544244015-0df4b3ffc6b0?w=400
526,Samsung Tablets & E-Reader 1000 Paperwhite E-Reader,Tablets & E-Readers,Samsung,36700,https://images.unsplash.com/photo-1544244015-0df4b3ffc6b0?w=400
527,Xiaomi Tablets & E-Reader 50 Pro 12.9 Tablet,Tablets & E-Readers,Xiaomi,124400,https://images.unsplash.com/photo-1544244015-0df4b3ffc6b0?w=400
528,Samsung Tablets & E-Reader 15 Pro 12.9 Tablet,Tablets & E-Readers,Samsung,83500,https://images.unsplash.com/photo-1544244015-0df4b3ffc6b0?w=400
529,Amazon Kindle Tablets & E-Reader 30 Pro 12.9 Tablet,Tablets & E-Readers,Amazon Kindle,51100,https://images.unsplash.com/photo-1544244015-0df4b3ffc6b0?w=400
530,Amazon Kindle Tablets & E-Reader 24 Pro 12.9 Tablet,Tablets & E-Readers,Amazon Kindle,81600,https://images.unsplash.com/photo-1544244015-0df4b3ffc6b0?w=400
531,Lenovo Tablets & E-Reader 50 Pro 12.9 Tablet,Tablets & E-Readers,Lenovo,35200,https://images.unsplash.com/photo-1544244015-0df4b3ffc6b0?w=400
532,Lenovo Tablets & E-Reader 20 Pro 12.9 Tablet,Tablets & E-Readers,Lenovo,39500,https://images.unsplash.com/photo-1544244015-0df4b3ffc6b0?w=400
533,Lenovo Tablets & E-Reader 15 Pro 12.9 Tablet,Tablets & E-Readers,Lenovo,100500,https://images.unsplash.com/photo-1544244015-0df4b3ffc6b0?w=400
534,Lenovo Tablets & E-Reader 24 Paperwhite E-Reader,Tablets & E-Readers,Lenovo,83500,https://images.unsplash.com/photo-1544244015-0df4b3ffc6b0?w=400
535,Lenovo Tablets & E-Reader 200 11-inch Wi-Fi Tablet,Tablets & E-Readers,Lenovo,98700,https://images.unsplash.com/photo-1544244015-0df4b3ffc6b0?w=400
536,Amazon Kindle Tablets & E-Reader 14 Paperwhite E-Reader,Tablets & E-Readers,Amazon Kindle,48100,https://images.unsplash.com/photo-1544244015-0df4b3ffc6b0?w=400
537,Lenovo Tablets & E-Reader 12 Pro 12.9 Tablet,Tablets & E-Readers,Lenovo,55400,https://images.unsplash.com/photo-1544244015-0df4b3ffc6b0?w=400
538,Lenovo Tablets & E-Reader 50 Pro 12.9 Tablet,Tablets & E-Readers,Lenovo,38000,https://images.unsplash.com/photo-1544244015-0df4b3ffc6b0?w=400
539,Xiaomi Tablets & E-Reader 100 Paperwhite E-Reader,Tablets & E-Readers,Xiaomi,101200,https://images.unsplash.com/photo-1544244015-0df4b3ffc6b0?w=400
540,Samsung Tablets & E-Reader 200 11-inch Wi-Fi Tablet,Tablets & E-Readers,Samsung,107100,https://images.unsplash.com/photo-1544244015-0df4b3ffc6b0?w=400
541,Samsung Tablets & E-Reader 500 11-inch Wi-Fi Tablet,Tablets & E-Readers,Samsung,128600,https://images.unsplash.com/photo-1544244015-0df4b3ffc6b0?w=400
542,Samsung Tablets & E-Reader 12 11-inch Wi-Fi Tablet,Tablets & E-Readers,Samsung,64200,https://images.unsplash.com/photo-1544244015-0df4b3ffc6b0?w=400
543,Amazon Kindle Tablets & E-Reader 500 11-inch Wi-Fi Tablet,Tablets & E-Readers,Amazon Kindle,111000,https://images.unsplash.com/photo-1544244015-0df4b3ffc6b0?w=400
544,Apple Tablets & E-Reader 14 Pro 12.9 Tablet,Tablets & E-Readers,Apple,63300,https://images.unsplash.com/photo-1544244015-0df4b3ffc6b0?w=400
545,Amazon Kindle Tablets & E-Reader 15 Pro 12.9 Tablet,Tablets & E-Readers,Amazon Kindle,109100,https://images.unsplash.com/photo-1544244015-0df4b3ffc6b0?w=400
546,Lenovo Tablets & E-Reader 500 Paperwhite E-Reader,Tablets & E-Readers,Lenovo,17800,https://images.unsplash.com/photo-1544244015-0df4b3ffc6b0?w=400
547,Xiaomi Tablets & E-Reader 100 11-inch Wi-Fi Tablet,Tablets & E-Readers,Xiaomi,106800,https://images.unsplash.com/photo-1544244015-0df4b3ffc6b0?w=400
548,Samsung Tablets & E-Reader 14 Paperwhite E-Reader,Tablets & E-Readers,Samsung,14800,https://images.unsplash.com/photo-1544244015-0df4b3ffc6b0?w=400
549,Amazon Kindle Tablets & E-Reader 1000 11-inch Wi-Fi Tablet,Tablets & E-Readers,Amazon Kindle,124300,https://images.unsplash.com/photo-1544244015-0df4b3ffc6b0?w=400
550,Apple Tablets & E-Reader 20 11-inch Wi-Fi Tablet,Tablets & E-Readers,Apple,84400,https://images.unsplash.com/photo-1544244015-0df4b3ffc6b0?w=400
551,Dell Monitors & Display 50 4K IPS Color Accurate Monitor,Monitors & Displays,Dell,79200,https://images.unsplash.com/photo-1527443224154-c4a3942d3acf?w=400
552,Samsung Monitors & Display 50 34-inch Curved Ultrawide Monitor,Monitors & Displays,Samsung,43800,https://images.unsplash.com/photo-1527443224154-c4a3942d3acf?w=400
553,LG Monitors & Display 14 4K IPS Color Accurate Monitor,Monitors & Displays,LG,68100,https://images.unsplash.com/photo-1527443224154-c4a3942d3acf?w=400
554,ViewSonic Monitors & Display 10 27-inch 144Hz Gaming Monitor,Monitors & Displays,ViewSonic,52200,https://images.unsplash.com/photo-1527443224154-c4a3942d3acf?w=400
555,Acer Monitors & Display 15 34-inch Curved Ultrawide Monitor,Monitors & Displays,Acer,31000,https://images.unsplash.com/photo-1527443224154-c4a3942d3acf?w=400
556,BenQ Monitors & Display 24 34-inch Curved Ultrawide Monitor,Monitors & Displays,BenQ,19400,https://images.unsplash.com/photo-1527443224154-c4a3942d3acf?w=400
557,ViewSonic Monitors & Display 14 27-inch 144Hz Gaming Monitor,Monitors & Displays,ViewSonic,26400,https://images.unsplash.com/photo-1527443224154-c4a3942d3acf?w=400
558,Dell Monitors & Display 10 27-inch 144Hz Gaming Monitor,Monitors & Displays,Dell,42200,https://images.unsplash.com/photo-1527443224154-c4a3942d3acf?w=400
559,Samsung Monitors & Display 20 4K IPS Color Accurate Monitor,Monitors & Displays,Samsung,51200,https://images.unsplash.com/photo-1527443224154-c4a3942d3acf?w=400
560,Acer Monitors & Display 200 34-inch Curved Ultrawide Monitor,Monitors & Displays,Acer,9500,https://images.unsplash.com/photo-1527443224154-c4a3942d3acf?w=400
561,ViewSonic Monitors & Display 1000 4K IPS Color Accurate Monitor,Monitors & Displays,ViewSonic,39000,https://images.unsplash.com/photo-1527443224154-c4a3942d3acf?w=400
562,ViewSonic Monitors & Display 50 27-inch 144Hz Gaming Monitor,Monitors & Displays,ViewSonic,48200,https://images.unsplash.com/photo-1527443224154-c4a3942d3acf?w=400
563,BenQ Monitors & Display 100 34-inch Curved Ultrawide Monitor,Monitors & Displays,BenQ,48800,https://images.unsplash.com/photo-1527443224154-c4a3942d3acf?w=400
564,ViewSonic Monitors & Display 24 4K IPS Color Accurate Monitor,Monitors & Displays,ViewSonic,88600,https://images.unsplash.com/photo-1527443224154-c4a3942d3acf?w=400
565,Samsung Monitors & Display 50 27-inch 144Hz Gaming Monitor,Monitors & Displays,Samsung,28100,https://images.unsplash.com/photo-1527443224154-c4a3942d3acf?w=400
566,ViewSonic Monitors & Display 24 34-inch Curved Ultrawide Monitor,Monitors & Displays,ViewSonic,62500,https://images.unsplash.com/photo-1527443224154-c4a3942d3acf?w=400
567,Acer Monitors & Display 15 34-inch Curved Ultrawide Monitor,Monitors & Displays,Acer,40400,https://images.unsplash.com/photo-1527443224154-c4a3942d3acf?w=400
568,Acer Monitors & Display 100 4K IPS Color Accurate Monitor,Monitors & Displays,Acer,55400,https://images.unsplash.com/photo-1527443224154-c4a3942d3acf?w=400
569,Acer Monitors & Display 10 27-inch 144Hz Gaming Monitor,Monitors & Displays,Acer,79800,https://images.unsplash.com/photo-1527443224154-c4a3942d3acf?w=400
570,Acer Monitors & Display 14 34-inch Curved Ultrawide Monitor,Monitors & Displays,Acer,29600,https://images.unsplash.com/photo-1527443224154-c4a3942d3acf?w=400
571,Acer Monitors & Display 12 4K IPS Color Accurate Monitor,Monitors & Displays,Acer,34900,https://images.unsplash.com/photo-1527443224154-c4a3942d3acf?w=400
572,LG Monitors & Display 50 34-inch Curved Ultrawide Monitor,Monitors & Displays,LG,15300,https://images.unsplash.com/photo-1527443224154-c4a3942d3acf?w=400
573,Samsung Monitors & Display 30 34-inch Curved Ultrawide Monitor,Monitors & Displays,Samsung,67900,https://images.unsplash.com/photo-1527443224154-c4a3942d3acf?w=400
574,Acer Monitors & Display 500 4K IPS Color Accurate Monitor,Monitors & Displays,Acer,48400,https://images.unsplash.com/photo-1527443224154-c4a3942d3acf?w=400
575,BenQ Monitors & Display 10 4K IPS Color Accurate Monitor,Monitors & Displays,BenQ,36600,https://images.unsplash.com/photo-1527443224154-c4a3942d3acf?w=400
576,LG Monitors & Display 24 4K IPS Color Accurate Monitor,Monitors & Displays,LG,16400,https://images.unsplash.com/photo-1527443224154-c4a3942d3acf?w=400
577,LG Monitors & Display 10 4K IPS Color Accurate Monitor,Monitors & Displays,LG,45600,https://images.unsplash.com/photo-1527443224154-c4a3942d3acf?w=400
578,Samsung Monitors & Display 500 27-inch 144Hz Gaming Monitor,Monitors & Displays,Samsung,63100,https://images.unsplash.com/photo-1527443224154-c4a3942d3acf?w=400
579,BenQ Monitors & Display 30 4K IPS Color Accurate Monitor,Monitors & Displays,BenQ,57200,https://images.unsplash.com/photo-1527443224154-c4a3942d3acf?w=400
580,ViewSonic Monitors & Display 100 34-inch Curved Ultrawide Monitor,Monitors & Displays,ViewSonic,25400,https://images.unsplash.com/photo-1527443224154-c4a3942d3acf?w=400
581,LG Monitors & Display 100 27-inch 144Hz Gaming Monitor,Monitors & Displays,LG,59500,https://images.unsplash.com/photo-1527443224154-c4a3942d3acf?w=400
582,ViewSonic Monitors & Display 10 27-inch 144Hz Gaming Monitor,Monitors & Displays,ViewSonic,11000,https://images.unsplash.com/photo-1527443224154-c4a3942d3acf?w=400
583,BenQ Monitors & Display 1000 34-inch Curved Ultrawide Monitor,Monitors & Displays,BenQ,79400,https://images.unsplash.com/photo-1527443224154-c4a3942d3acf?w=400
584,Acer Monitors & Display 15 4K IPS Color Accurate Monitor,Monitors & Displays,Acer,40400,https://images.unsplash.com/photo-1527443224154-c4a3942d3acf?w=400
585,Dell Monitors & Display 20 27-inch 144Hz Gaming Monitor,Monitors & Displays,Dell,32700,https://images.unsplash.com/photo-1527443224154-c4a3942d3acf?w=400
586,LG Monitors & Display 30 34-inch Curved Ultrawide Monitor,Monitors & Displays,LG,88600,https://images.unsplash.com/photo-1527443224154-c4a3942d3acf?w=400
587,Samsung Monitors & Display 12 27-inch 144Hz Gaming Monitor,Monitors & Displays,Samsung,21200,https://images.unsplash.com/photo-1527443224154-c4a3942d3acf?w=400
588,BenQ Monitors & Display 500 34-inch Curved Ultrawide Monitor,Monitors & Displays,BenQ,14400,https://images.unsplash.com/photo-1527443224154-c4a3942d3acf?w=400
589,ViewSonic Monitors & Display 30 27-inch 144Hz Gaming Monitor,Monitors & Displays,ViewSonic,65500,https://images.unsplash.com/photo-1527443224154-c4a3942d3acf?w=400
590,Acer Monitors & Display 10 27-inch 144Hz Gaming Monitor,Monitors & Displays,Acer,26400,https://images.unsplash.com/photo-1527443224154-c4a3942d3acf?w=400
591,Samsung Monitors & Display 200 34-inch Curved Ultrawide Monitor,Monitors & Displays,Samsung,49800,https://images.unsplash.com/photo-1527443224154-c4a3942d3acf?w=400
592,Samsung Monitors & Display 14 4K IPS Color Accurate Monitor,Monitors & Displays,Samsung,76300,https://images.unsplash.com/photo-1527443224154-c4a3942d3acf?w=400
593,BenQ Monitors & Display 20 4K IPS Color Accurate Monitor,Monitors & Displays,BenQ,16000,https://images.unsplash.com/photo-1527443224154-c4a3942d3acf?w=400
594,ViewSonic Monitors & Display 30 34-inch Curved Ultrawide Monitor,Monitors & Displays,ViewSonic,80900,https://images.unsplash.com/photo-1527443224154-c4a3942d3acf?w=400
595,LG Monitors & Display 500 4K IPS Color Accurate Monitor,Monitors & Displays,LG,58000,https://images.unsplash.com/photo-1527443224154-c4a3942d3acf?w=400
596,ViewSonic Monitors & Display 30 4K IPS Color Accurate Monitor,Monitors & Displays,ViewSonic,27600,https://images.unsplash.com/photo-1527443224154-c4a3942d3acf?w=400
597,BenQ Monitors & Display 100 27-inch 144Hz Gaming Monitor,Monitors & Displays,BenQ,70100,https://images.unsplash.com/photo-1527443224154-c4a3942d3acf?w=400
598,Samsung Monitors & Display 1000 4K IPS Color Accurate Monitor,Monitors & Displays,Samsung,26900,https://images.unsplash.com/photo-1527443224154-c4a3942d3acf?w=400
599,LG Monitors & Display 30 34-inch Curved Ultrawide Monitor,Monitors & Displays,LG,62600,https://images.unsplash.com/photo-1527443224154-c4a3942d3acf?w=400
600,BenQ Monitors & Display 20 27-inch 144Hz Gaming Monitor,Monitors & Displays,BenQ,34600,https://images.unsplash.com/photo-1527443224154-c4a3942d3acf?w=400
